{
    "atlas_susy_2018_31": {
        "regiondata": {
            "SRA": {
                "nobs": 17.0,
                "nb": 17.1,
                "deltanb": 2.7795863,
                "N0": 0.00078096,
                "Nf": 5.638531e-05,
                "s95exp": "0.0011180",
                "s95obs": "0.0011203",
                "rSR": 0.6985688729874775,
                "CLs": 0.8363478512516278,
                "best": 0
            },
            "SRA_L": {
                "nobs": 12.0,
                "nb": 8.4,
                "deltanb": 1.7,
                "N0": 0.00078096,
                "Nf": 7.8096e-07,
                "s95exp": "0.0566695",
                "s95obs": "0.0852774",
                "rSR": 0.013781663857983571,
                "CLs": 0.006423668050167919,
                "best": 0
            },
            "SRA_M": {
                "nobs": 3.0,
                "nb": 5.7,
                "deltanb": 0.8,
                "N0": 0.00078096,
                "Nf": 1.155821e-05,
                "s95exp": "0.0029775",
                "s95obs": "0.0022373",
                "rSR": 0.2623005877413937,
                "CLs": 0.6098123654260228,
                "best": 0
            },
            "SRA_H": {
                "nobs": 2.0,
                "nb": 3.0,
                "deltanb": 1.5,
                "N0": 0.00078096,
                "Nf": 4.404614e-05,
                "s95exp": "0.0007573",
                "s95obs": "0.0006268",
                "rSR": 1.0312953915225143,
                "CLs": 0.9799315284472273,
                "best": 1
            },
            "SRB": {
                "nobs": 3.0,
                "nb": 3.3,
                "deltanb": 0.78032045,
                "N0": 0.00078096,
                "Nf": 3.12384e-07,
                "s95exp": "0.0983510",
                "s95obs": "0.0974944",
                "rSR": 0.007940946202885584,
                "CLs": 0.013934958793557328,
                "best": 0
            },
            "SRC": {
                "nobs": 47.0,
                "nb": 37.9,
                "deltanb": 4.8241165,
                "N0": 0.00078096,
                "Nf": 5.794723e-05,
                "s95exp": "0.0015559",
                "s95obs": "0.0024101",
                "rSR": 0.5019602802236648,
                "CLs": 0.3388585697659966,
                "best": 0
            },
            "SRC_22": {
                "nobs": 28.0,
                "nb": 21.2,
                "deltanb": 4.1,
                "N0": 0.00078096,
                "Nf": 2.34288e-05,
                "s95exp": "0.0031935",
                "s95obs": "0.0047343",
                "rSR": 0.24455926099890402,
                "CLs": 0.14844558701413924,
                "best": 0
            },
            "SRC_24": {
                "nobs": 12.0,
                "nb": 10.6,
                "deltanb": 2.3,
                "N0": 0.00078096,
                "Nf": 1.296394e-05,
                "s95exp": "0.0038416",
                "s95obs": "0.0046016",
                "rSR": 0.20330070803831737,
                "CLs": 0.2375937495552678,
                "best": 0
            },
            "SRC_26": {
                "nobs": 4.0,
                "nb": 3.7,
                "deltanb": 0.9,
                "N0": 0.00078096,
                "Nf": 8.746752e-06,
                "s95exp": "0.0034300",
                "s95obs": "0.0040623",
                "rSR": 0.22769679300291543,
                "CLs": 0.3128641667278198,
                "best": 0
            },
            "SRC_28": {
                "nobs": 3.0,
                "nb": 2.4,
                "deltanb": 0.6,
                "N0": 0.00078096,
                "Nf": 1.077725e-05,
                "s95exp": "0.0024727",
                "s95obs": "0.0030509",
                "rSR": 0.3158490718647633,
                "CLs": 0.40443065901835074,
                "best": 0
            },
            "pyhf": {
                "RegionA": {
                    "s95exp": "-1.0000000",
                    "s95obs": "0.0004597",
                    "full_CLs_output": {
                        "CLs_obs": 0.995557250004104,
                        "CLs_exp": 0.9870290697628418
                    },
                    "CLs": 0.995557250004104,
                    "best": 0
                },
                "RegionB": {
                    "s95exp": "0.0946205",
                    "s95obs": "0.0878094",
                    "full_CLs_output": {
                        "CLs_obs": 0.019329160203828133,
                        "CLs_exp": 0.017039282384678556
                    },
                    "CLs": 0.019329160203828133,
                    "best": 0
                },
                "RegionC": {
                    "s95exp": "0.0014583",
                    "s95obs": "0.0019966",
                    "full_CLs_output": {
                        "CLs_obs": 0.49831452554413536,
                        "CLs_exp": 0.7305711415240626
                    },
                    "CLs": 0.49831452554413536,
                    "best": 1
                }
            }
        },
        "errordata": {}
    }
}